title,arcgis_url,date_created,date_modified
First Nation Settlement Lands - Unsurveyed (Legacy),https://yukon.maps.arcgis.com/home/item.html?id=bae82ebea942452bb319ce28c3487fe3,2016-06-09T20:17:02.000Z,2026-06-23T04:00:22.291Z
Clear Creek Camera Locations,https://yukon.maps.arcgis.com/home/item.html?id=0473aa266eb04b9da788cdcbc81d4b7a,2026-04-17T20:04:49.000Z,2026-06-17T21:12:51.000Z
Indigenous Boundaries - 250K,https://yukon.maps.arcgis.com/home/item.html?id=accb7e8c139143d791740b1dea50bdc7,2026-03-27T19:51:51.000Z,2026-06-05T14:33:06.000Z
Indigenous Boundaries - 1M,https://yukon.maps.arcgis.com/home/item.html?id=72d55fe5db30424e86d450590c646f3e,2026-03-27T20:27:00.000Z,2026-06-05T14:33:02.000Z
Indigenous Boundaries - Core Areas,https://yukon.maps.arcgis.com/home/item.html?id=f8f0d828aa594dd3a18bde6352d9f41b,2026-03-27T20:50:47.000Z,2026-06-05T14:32:53.000Z
First Nation Settlement Lands - Internal Parcels,https://yukon.maps.arcgis.com/home/item.html?id=19e22f4ebb11432192ff1bb31a8b1020,2026-04-10T18:16:57.000Z,2026-05-11T17:16:06.000Z
First Nation Settlement Lands - 1M (Legacy),https://yukon.maps.arcgis.com/home/item.html?id=0c4e25756c044a838950d3bb9f6eb8c0,2016-06-09T20:21:25.000Z,2026-05-09T04:51:47.000Z
First Nation Settlement Lands - Surveyed (Legacy),https://yukon.maps.arcgis.com/home/item.html?id=75a58fd079654a0aaa31914f801dbe73,2016-06-09T20:13:33.000Z,2026-05-09T04:49:24.000Z
First Nation Settlement Lands - 250k (Legacy),https://yukon.maps.arcgis.com/home/item.html?id=8d766afd829b4014bb89cb367c9aaad1,2016-06-09T20:24:06.000Z,2026-05-09T04:08:16.000Z
Yukon First Nation Settlement Lands - Internal Parcels,https://yukon.maps.arcgis.com/home/item.html?id=e84ae281fd6a40f5874864b4a5d91e20,2024-08-12T22:21:35.000Z,2026-05-09T04:01:52.000Z
First Nation Interim Protected Lands,https://yukon.maps.arcgis.com/home/item.html?id=58dcc2878e0f4327a4694d7ebbcbc7da,2026-04-10T19:14:21.000Z,2026-05-09T03:29:38.000Z
First Nation Settlement Lands,https://yukon.maps.arcgis.com/home/item.html?id=812a7308aa304a72bbbcef022533bc79,2026-04-10T18:59:16.000Z,2026-05-09T03:26:36.000Z
GeoYukon Application,https://yukon.maps.arcgis.com/home/item.html?id=29bcf0c2a98b48d8a7ad79bc2bb8ce51,2015-02-17T22:29:23.000Z,2025-11-25T16:24:16.000Z
